<?xml version="1.0" encoding="UTF-8"?>
<urn:Clients xmlns:urn="urn:pingidentity.com:pf:oauth:client">
    <urn:Client client_id="api_client" name="api_client" logo="" persistentGrantExpirationTime="0" enabled="true" lastModified="2020-12-16T15:49:01.575Z" bypassApprovalPage="true" restrictScopes="true" jwksUri="" jwks="" clientAuthnType="NONE" enforceOneTimeJWT="false" isRequireSignedRequest="false">
        <urn:Description/>
        <urn:Grant type="implicit"/>
        <urn:Grant type="authorization_code"/>
        <urn:RedirectUri>https://localhost</urn:RedirectUri>
        <urn:RestrictedScope>address</urn:RestrictedScope>
        <urn:RestrictedScope>email</urn:RestrictedScope>
        <urn:RestrictedScope>openid</urn:RestrictedScope>
        <urn:RestrictedScope>phone</urn:RestrictedScope>
        <urn:RestrictedScope>profile</urn:RestrictedScope>
        <urn:SupplementalInfo key="ALLOW_EXCLUSIVE_SCOPES" value="false"/>
        <urn:SupplementalInfo key="DEVICE_FLOW_SETTING" value="SERVER_DEFAULT"/>
        <urn:SupplementalInfo key="PING_ACCESS_LOGOUT_CAPABLE" value="false"/>
        <urn:SupplementalInfo key="ALLOW_AUTHENTICATION_API_INIT" value="true"/>
        <urn:SupplementalInfo key="RESTRICT_RESPONSE_TYPES" value="false"/>
        <urn:SupplementalInfo key="REQUIRE_PROOF_KEY_FOR_CODE_EXCHANGE" value="false"/>
        <urn:SupplementalInfo key="ACCESS_SESSION_REVOCATION_API" value="false"/>
        <urn:SupplementalInfo key="PERSISTENT_GRANT_IDLE_TIMEOUT_TYPE" value="SERVER_DEFAULT"/>
        <urn:SupplementalInfo key="ACCESS_SESSION_MANAGEMENT_API" value="false"/>
        <urn:SupplementalInfo key="VALIDATE_USING_ALL_ELIGIBLE_ATMS" value="false"/>
        <urn:SupplementalInfo key="ENABLED" value="true"/>
    </urn:Client>
</urn:Clients>