<?xml version="1.0" encoding="UTF-8"?>
<urn:PluginConfiguration isInheritExtendedContractAttributes="false" name="AuthN Policy" xmlns:urn="urn:sourceid.org:saml2:adapter:conf">
    <urn:Fields>
        <urn:Field name="Extended Property">Adaptive</urn:Field>
    </urn:Fields>
    <urn:AdvancedFields/>
    <urn:Tables/>
    <urn:ExtendedContractAttributes>
        <urn:AttributeName>Single_Factor</urn:AttributeName>
        <urn:AttributeName>Multi_Factor</urn:AttributeName>
    </urn:ExtendedContractAttributes>
</urn:PluginConfiguration>