<?xml version="1.0" encoding="UTF-8"?>
<urn:PluginConfiguration isInheritExtendedContractAttributes="false" name="UserPass" xmlns:urn="urn:sourceid.org:saml2:adapter:conf">
    <urn:Fields/>
    <urn:AdvancedFields/>
    <urn:Tables>
        <urn:Table name="Users">
            <urn:Row defaultRow="false">
                <urn:Field name="Username">joe</urn:Field>
                <urn:Field name="Password">6t3Gs5-b5hBMbXynfWDjfkXJ-83S6GiuBXXMxt9v9jE.uR7Z6seN.2</urn:Field>
                <urn:Field name="Confirm Password">TrjJgUjxLKsDKLouncoyBXdzDCMoQ7q2Gde72wuhawA.WRe-wFvW.2</urn:Field>
                <urn:Field name="Relax Password Requirements">false</urn:Field>
            </urn:Row>
            <urn:Row defaultRow="false">
                <urn:Field name="Username">sarah</urn:Field>
                <urn:Field name="Password">6H0nY-ZK8f1XaXIGpfOdh6PFUi1k1D5uCjd1zONdky0.sQsgWgMf.2</urn:Field>
                <urn:Field name="Confirm Password">gKdUworPj5Rg1EpP02fpvbAclS3R3DYAU-8uAkiTtvs.3oWFudcn.2</urn:Field>
                <urn:Field name="Relax Password Requirements">false</urn:Field>
            </urn:Row>
            <urn:Row defaultRow="false">
                <urn:Field name="Username">scott</urn:Field>
                <urn:Field name="Password">WovACGd8iXy2E7pjM30pd7JBPT35ecP10sk3lGFZnqY.2PljqW-c.2</urn:Field>
                <urn:Field name="Confirm Password">w2IiGMk6o87YqhVJ8AMl60_UMFWu0a1-RB8D-gWR3nI.zG2SYuBj.2</urn:Field>
                <urn:Field name="Relax Password Requirements">false</urn:Field>
            </urn:Row>
        </urn:Table>
    </urn:Tables>
</urn:PluginConfiguration>