<?xml version="1.0" encoding="UTF-8"?>
<config xmlns="http://www.sourceid.org/2004/05/config">
    <!--Dsig keystore information: name and password-->
    <item name="DsigKeystoreName">ping-dsig.jks</item>
    <item name="DsigKeystorePassword">eyJhbGciOiJkaXIiLCJlbmMiOiJBMTI4Q0JDLUhTMjU2Iiwia2lkIjoiRGRFUXoxS2RieCIsInZlcnNpb24iOiIxMC4xLjMuMCJ9..L7XUuhIcYTW6tmMI5ujg3A.k_LE-ojU9aUOawr2GPxO_fa2l385IBxzgn7pMXKiaCk._TADSGHD7u8ce_MfuwQPiQ</item>
    <!--Do not modify-->
    <item name="DsigKeystoreType2">default</item>
    <!--Map of Dsig keystore aliases to passwords; the system uses this map
     to open private keys for generating signatures, X509
     authentication, etc. For each item, the name of the item maps
     to the alias of a private key, and the value of the item is the
     password to that particular key.-->
    <map name="DsigPrivateKeyPasswords">
        <item name="jh67h0h9k39tq9xqdgbv18u2d">eyJhbGciOiJkaXIiLCJlbmMiOiJBMTI4Q0JDLUhTMjU2Iiwia2lkIjoiRGRFUXoxS2RieCIsInZlcnNpb24iOiIxMC4xLjMuMCJ9..cvegz2zo4ewFz1RDj2YBRA.5lKVOipPoT09vg9PKM0TiHK3SucgXUVKAzWn0Al_aEE.ksW1vticvdf74tj18nmQuA</item>
        <item name="1nvdp91u0trglpbs437fadf0y">eyJhbGciOiJkaXIiLCJlbmMiOiJBMTI4Q0JDLUhTMjU2Iiwia2lkIjoiRGRFUXoxS2RieCIsInZlcnNpb24iOiIxMC4xLjMuMCJ9..5ZEj8njwPgRPujDj5puqSg.GkYHnyNRIJOuUF6ug3UkNoSiv5zRen1V8k32nMop2Gc.izv4OtVPnBCcjTsllNn3pQ</item>
    </map>
    <!--DSIG HSM Keystore information: name and password-->
    <item name="DsigHSMKeystoreName">ping-dsig.hsmks</item>
    <item name="DsigHSMKeystorePassword"/>
    <item name="DsigHSMKeystoreType2">default</item>
    <!--Map of Dsig keystore aliases to passwords; the system uses this map
     to open private keys for generating signatures, X509
     authentication, etc. For each item, the name of the item maps
     to the alias of a private key and the value of the item is the
     password to that particular key-->
    <map name="DsigHSMPrivateKeyPasswords"/>
    <!--SSL Keystore information: name and password-->
    <item name="SslKeystoreName">ping-ssl.jks</item>
    <item name="SslKeystorePassword">eyJhbGciOiJkaXIiLCJlbmMiOiJBMTI4Q0JDLUhTMjU2Iiwia2lkIjoiRGRFUXoxS2RieCIsInZlcnNpb24iOiIxMC4xLjMuMCJ9..1o0qYfnLD_H9f3NFFYpaeA._0-DqkI4Gu5y_QqtbmuUvh4kuNxxQ3ebt62RQoC6cT0.x9fB6fXHP9O1IBPxkoGE6w</item>
    <!--Do not modify-->
    <item name="SslKeystoreType2">default</item>
    <!--Map of SSL client auth keystore aliases to passwords; the system uses this map
     to open private keys for generating signatures, X509
     authentication, etc. For each item, the name of the item maps
     to the alias of a private key and the value of the item is the
     password to that particular key-->
    <map name="SslPrivateKeyPasswords"/>
    <!--SSL HSM Keystore information: name and password-->
    <item name="SslHSMKeystoreName">ping-ssl.hsmks</item>
    <item name="SslHSMKeystorePassword"/>
    <!--Do not modify-->
    <item name="SslHSMKeystoreType2">default</item>
    <!--Map of SSL client auth keystore aliases to passwords; the system uses this map
     to open private keys for generating signatures, X509
     authentication, etc. For each item, the name of the item maps
     to the alias of a private key and the value of the item is the
     password to that particular key-->
    <map name="SslHSMPrivateKeyPasswords"/>
    <!--SSL Server Keystore information: name and password-->
    <item name="SslServerKeystoreName">ping-ssl-server.jks</item>
    <item name="SslServerKeystorePassword">eyJhbGciOiJkaXIiLCJlbmMiOiJBMTI4Q0JDLUhTMjU2Iiwia2lkIjoiRGRFUXoxS2RieCIsInZlcnNpb24iOiIxMC4xLjMuMCJ9..JEORXIy_ijvgkzKVY_nnWg.5ov46dtzjgzzURfXmHhkQ5YRjFdlu9VzS1lZ_05U0zI.E_VNtNpbEaQZzVVusuXraw</item>
    <!--Do not modify-->
    <item name="SslServerKeystoreType2">default</item>
    <!--Map of SSL Server keystore aliases to passwords; the system uses this map
         to open private keys for generating signatures, X509
         authentication, etc. For each item, the name of the item maps
         to the alias of a private key and the value of the item is the
         password to that particular key-->
    <map name="SslServerPrivateKeyPasswords">
        <item name="vtcm75en83g6v1r87ytm7lihi">eyJhbGciOiJkaXIiLCJlbmMiOiJBMTI4Q0JDLUhTMjU2Iiwia2lkIjoiRGRFUXoxS2RieCIsInZlcnNpb24iOiIxMC4xLjMuMCJ9..Z-G0s6FD-UAn6N-md9szNA.CXNHQU5MEjfmkAhQL4wcLAPT1XssyX2SCLKIVzzt0T8.2BBBkZ3YRvy4dTzlaR26CA</item>
    </map>
    <!--SSL HSM Server Keystore information: name and password-->
    <item name="SslServerHSMKeystoreName">ping-ssl-server.hsmks</item>
    <item name="SslServerHSMKeystorePassword"/>
    <!--Do not modify-->
    <item name="SslServerHSMKeystoreType2">default</item>
    <!--Map of SSL Server keystore aliases to passwords; the system uses this map
         to open private keys for generating signatures, X509
         authentication, etc. For each item, the name of the item maps
         to the alias of a private key and the value of the item is the
         password to that particular key-->
    <map name="SslServerHSMPrivateKeyPasswords"/>
    <!--Truststore Keystore information: name and password-->
    <item name="TrustKeystoreName">ping-trust.jks</item>
    <item name="TrustKeystorePassword">eyJhbGciOiJkaXIiLCJlbmMiOiJBMTI4Q0JDLUhTMjU2Iiwia2lkIjoiRGRFUXoxS2RieCIsInZlcnNpb24iOiIxMC4xLjMuMCJ9..XK2KuRfJZFFH7cHTotZalQ.lsmsj8A3ZGrRM2E3rPBEZ1jYGNjA9oP5ChXFZaVGNB4.OSDGdBuM_5be3_9gKTm8qQ</item>
    <!--You can specify a key store type here. Available keystore types are
          JKS     - Java Keystore
          nCipher.sworld - nCipher keystore
          default - let the system select a keystore type for you. For Luna HSM 6, JKS is used.
                    For nCipher, nCipher.sworld is used. Otherwise, JKS is used-->
    <item name="TrustKeystoreType2">default</item>
    <!--Truststore HSM Keystore information: name and password-->
    <item name="TrustHSMKeystoreName">ping-trust.hsmks</item>
    <item name="TrustHSMKeystorePassword"/>
    <!--You can specify a key store type here. Available keystore types are
          JKS     - Java Keystore
          nCipher.sworld - nCipher keystore
          default - let the system select a keystore type for you. For Luna HSM 6, JKS is used.
                    For nCipher, nCipher.sworld is used. Otherwise, JKS is used-->
    <item name="TrustHSMKeystoreType2">default</item>
    <!--General keystore information: name and password-->
    <item name="GeneralKeystoreName">ping-general.jks</item>
    <item name="GeneralKeystorePassword">eyJhbGciOiJkaXIiLCJlbmMiOiJBMTI4Q0JDLUhTMjU2Iiwia2lkIjoiRGRFUXoxS2RieCIsInZlcnNpb24iOiIxMC4xLjMuMCJ9..WheVdzJOwx-DcTNxO-mgXw.332XUmfHF6wxI__XcHZrPgk56napSERDcY20AGiIqck.aWPYPIbaYD74SX7oyyMqZg</item>
    <!--Do not modify-->
    <item name="GeneralKeystoreType2">default</item>
    <!--Map of General keystore aliases to passwords; the system uses this map
     to open private keys for generating signatures, X509
     authentication, etc. For each item, the name of the item maps
     to the alias of a private key, and the value of the item is the
     password to that particular key.-->
    <map name="GeneralPrivateKeyPasswords"/>
    <!--General HSM keystore information: name and password-->
    <item name="GeneralHSMKeystoreName">ping-general.hsmks</item>
    <item name="GeneralHSMKeystorePassword"/>
    <!--Do not modify-->
    <item name="GeneralHSMKeystoreType2">default</item>
    <!--Map of General keystore aliases to passwords; the system uses this map
     to open private keys for generating signatures, X509
     authentication, etc. For each item, the name of the item maps
     to the alias of a private key, and the value of the item is the
     password to that particular key.-->
    <map name="GeneralHSMPrivateKeyPasswords"/>
</config>