<?xml version="1.0" encoding="UTF-8"?>
<urn:AdapterConfiguration isInheritExtendedContractAttributes="false" name="com.pingidentity.plugins.datastore.p14c.PingOneForCustomersDataStore" xmlns:urn="urn:sourceid.org:saml2:adapter:conf">
    <urn:Fields>
        <urn:Field name="Environment ID">1953af0c-03e9-48b3-839b-39a72a0ddf66</urn:Field>
        <urn:Field name="Client ID">c758c574-4388-476f-8dc4-6d8b4fb96cee</urn:Field>
        <urn:Field name="Client Secret">eyJhbGciOiJkaXIiLCJlbmMiOiJBMTI4Q0JDLUhTMjU2Iiwia2lkIjoiRGRFUXoxS2RieCIsInZlcnNpb24iOiIxMC4xLjMuMCJ9..iYizk0DzDWvwarF6xEYuzQ.Kg7Hzji7rF1S8rWJeBb0dj_a77TMTS6DBpt_8Yfd8AEdLx65Gv1h8A1jtcCStnffCuDtUu9DpcUITrCT_rhpwoeKS3IKr7xoQqSBg7KNLZw.qPwpyRt5wxLKgSZ0FIhfqw</urn:Field>
        <urn:Field name="PingOne API Service">https://api.pingone.com/v1</urn:Field>
        <urn:Field name="PingOne Authorization Service">https://auth.pingone.com</urn:Field>
        <urn:Field name="Connection Timeout">10000</urn:Field>
        <urn:Field name="Retry Request">true</urn:Field>
        <urn:Field name="Maximum Retries Limit">5</urn:Field>
        <urn:Field name="Retry Error Codes">429</urn:Field>
        <urn:Field name="Proxy Settings">System Defaults</urn:Field>
        <urn:Field name="Custom Proxy Host"/>
        <urn:Field name="Custom Proxy Port"/>
    </urn:Fields>
    <urn:AdvancedFields>
        <urn:Field name="PingOne API Service">https://api.pingone.com/v1</urn:Field>
        <urn:Field name="PingOne Authorization Service">https://auth.pingone.com</urn:Field>
        <urn:Field name="Connection Timeout">10000</urn:Field>
        <urn:Field name="Retry Request">true</urn:Field>
        <urn:Field name="Maximum Retries Limit">5</urn:Field>
        <urn:Field name="Retry Error Codes">429</urn:Field>
        <urn:Field name="Proxy Settings">System Defaults</urn:Field>
        <urn:Field name="Custom Proxy Host"/>
        <urn:Field name="Custom Proxy Port"/>
    </urn:AdvancedFields>
    <urn:Tables>
        <urn:Table name="Custom Attributes Details"/>
    </urn:Tables>
</urn:AdapterConfiguration>