<?xml version="1.0" encoding="UTF-8"?>
<urn:AdapterConfiguration authnCtxClassRef="" isInheritAttributeSettings="false" isInheritAttributeMapping="false" maskOgnlValues="false" isInheritExtendedContractAttributes="false" name="PingOneMFA" xmlns:urn="urn:sourceid.org:saml2:adapter:conf">
    <urn:Fields>
        <urn:Field name="Environment ID">1953af0c-03e9-48b3-839b-39a72a0ddf66</urn:Field>
        <urn:Field name="Region">NA</urn:Field>
        <urn:Field name="Application Client ID">798d822d-76dc-4089-b0b8-b64de5311b6e</urn:Field>
        <urn:Field name="Application Client Secret">eyJhbGciOiJkaXIiLCJlbmMiOiJBMTI4Q0JDLUhTMjU2Iiwia2lkIjoiRGRFUXoxS2RieCIsInZlcnNpb24iOiIxMC4xLjMuMCJ9..HNS-3BfzXLWUC_JxXsoeyw.AWvg83N5YEubZ5RwjLYX-sFZa_YSNKlHYDKAnj8qj-m56kf9cBkMbX4rdJk5olrzE5b1C3KnJaFNBCU842TwuqC5Z6Gd5Fw8TWwUTw4GNyk.WOCJkVxDb78TT1B7IPl_CA</urn:Field>
        <urn:Field name="PingFederate Connection Client ID">c758c574-4388-476f-8dc4-6d8b4fb96cee</urn:Field>
        <urn:Field name="PingFederate Connection Client Secret">eyJhbGciOiJkaXIiLCJlbmMiOiJBMTI4Q0JDLUhTMjU2Iiwia2lkIjoiRGRFUXoxS2RieCIsInZlcnNpb24iOiIxMC4xLjMuMCJ9..MK_bR1c-picVjh8wb3FTDg.Y7oHDEuIJnepbrcJMkUkmYUVtcb4KRIw_f4WjC3As5ssMt7HjxeDHx3TH4LR0Pld17WkXqmbPJqi63xPPAyERbgzr2xY_bRrAOfCYbMlENA.o67njPsnY5XGlG-Y0cXs0Q</urn:Field>
        <urn:Field name="PingOne Authentication Policy"/>
        <urn:Field name="Test Username">user.1@anycompanyonline.com</urn:Field>
        <urn:Field name="HTML Template Prefix">pingone-mfa</urn:Field>
        <urn:Field name="Messages Files">pingone-mfa-messages</urn:Field>
        <urn:Field name="User Not Found Failure Mode">Block user</urn:Field>
        <urn:Field name="Service Unavailable Failure Mode">Bypass authentication</urn:Field>
        <urn:Field name="Change Device">Allow</urn:Field>
        <urn:Field name="Show Success Screens">true</urn:Field>
        <urn:Field name="Show Error Screens">true</urn:Field>
        <urn:Field name="Show Timeout Screens">true</urn:Field>
        <urn:Field name="API Request Timeout">5000</urn:Field>
        <urn:Field name="Proxy Settings">System Defaults</urn:Field>
        <urn:Field name="Custom Proxy Host"/>
        <urn:Field name="Custom Proxy Port"/>
    </urn:Fields>
    <urn:AdvancedFields>
        <urn:Field name="Test Username">user.1@anycompanyonline.com</urn:Field>
        <urn:Field name="HTML Template Prefix">pingone-mfa</urn:Field>
        <urn:Field name="Messages Files">pingone-mfa-messages</urn:Field>
        <urn:Field name="User Not Found Failure Mode">Block user</urn:Field>
        <urn:Field name="Service Unavailable Failure Mode">Bypass authentication</urn:Field>
        <urn:Field name="Change Device">Allow</urn:Field>
        <urn:Field name="Show Success Screens">true</urn:Field>
        <urn:Field name="Show Error Screens">true</urn:Field>
        <urn:Field name="Show Timeout Screens">true</urn:Field>
        <urn:Field name="API Request Timeout">5000</urn:Field>
        <urn:Field name="Proxy Settings">System Defaults</urn:Field>
        <urn:Field name="Custom Proxy Host"/>
        <urn:Field name="Custom Proxy Port"/>
    </urn:AdvancedFields>
    <urn:Tables/>
    <urn:ExtendedContractAttributes/>
    <urn:UniqueKeyField>username</urn:UniqueKeyField>
    <urn:AttributeMapping>
        <urn1:AttributeMap Name="access_token" Type="Adapter" Value="access_token" xmlns:urn1="urn:sourceid.org:saml2:metadata-extension:v2"/>
        <urn1:AttributeMap Name="pingone.mfa.status" Type="Adapter" Value="pingone.mfa.status" xmlns:urn1="urn:sourceid.org:saml2:metadata-extension:v2"/>
        <urn1:AttributeMap Name="id_token" Type="Adapter" Value="id_token" xmlns:urn1="urn:sourceid.org:saml2:metadata-extension:v2"/>
        <urn1:AttributeMap Name="pingone.mfa.status.reason" Type="Adapter" Value="pingone.mfa.status.reason" xmlns:urn1="urn:sourceid.org:saml2:metadata-extension:v2"/>
        <urn1:AttributeMap Name="username" Type="Adapter" Value="username" xmlns:urn1="urn:sourceid.org:saml2:metadata-extension:v2"/>
        <urn1:TokenAuthorizationIssuanceCriteria xmlns:urn1="urn:sourceid.org:saml2:metadata-extension:v2"/>
    </urn:AttributeMapping>
</urn:AdapterConfiguration>