<?xml version="1.0" encoding="UTF-8"?>
<sk:systemKeys xmlns:sk="http://pingidentity.com/2018/01/system-keys">
    <sk:currentKey>
        <sk:key>eyJhbGciOiJkaXIiLCJlbmMiOiJBMTI4Q0JDLUhTMjU2Iiwia2lkIjoiRGRFUXoxS2RieCIsInZlcnNpb24iOiIxMC4xLjMuMCIsInppcCI6IkRFRiJ9..rtRXH_9W8sof9ENNxyEQGg.uSQjPtX8QmYYQTWurImu2OVoW7xLDVLNL8pGUfplH9VhqALrCl80MBT8lNltNNhz.xp8Yc1n9VC0LrPLTBe_Sfg</sk:key>
        <sk:generatedTime>2020-12-15T01:00:57.841Z</sk:generatedTime>
    </sk:currentKey>
    <sk:previousKey xsi:nil="true" xmlns:xsi="http://www.w3.org/2001/XMLSchema-instance"/>
    <sk:pendingKey>
        <sk:key>eyJhbGciOiJkaXIiLCJlbmMiOiJBMTI4Q0JDLUhTMjU2Iiwia2lkIjoiRGRFUXoxS2RieCIsInZlcnNpb24iOiIxMC4xLjMuMCIsInppcCI6IkRFRiJ9..fxnFB9JwXoZkbaR8xUYWkQ.PDMeIfDoGtlnr2yFHixQoq7WrESIpMdtZqbjhyGjY245AQdhBPr5fE6ZMP8gpGHa.kWqLcB7sNWgSm01UkzUL1A</sk:key>
        <sk:generatedTime>2020-12-15T01:00:57.841Z</sk:generatedTime>
    </sk:pendingKey>
</sk:systemKeys>