<?xml version="1.0" encoding="UTF-8"?>
<con:config xmlns:con="http://www.sourceid.org/2004/05/config">
    <con:map name="IdpAuthnAdapterInstances">
        <con:item name="HTMLFormAdapter">com.pingidentity.adapters.htmlform.idp.HtmlFormIdpAuthnAdapter</con:item>
        <con:item name="PingOneMFA">com.pingidentity.adapters.pingone.mfa.PingOneMfaIdpAdapter</con:item>
        <con:item name="IdentifierFirst">com.pingidentity.adapters.identifierfirst.idp.IdentifierFirstAdapter</con:item>
        <con:item name="HTMLFormSimplePCV">com.pingidentity.adapters.htmlform.idp.HtmlFormIdpAuthnAdapter</con:item>
    </con:map>
    <con:map name="IdpAdapterInstanceParents"/>
</con:config>