<?xml version="1.0" encoding="UTF-8"?>
<urn:OAuthConfig enableOAuth="true" authzCodeLength="30" authzCodeTimeout="60" rollRefreshTokens="false" rollingInterval="0" refreshTokenLength="42" atmIdForOAuthGrantManagement="" scopeForOAuthGrantManagement="" globalPersistentGrantExpirationTime="-1" globalPersistentGrantExpirationTimeUnit="d" globalPersistentGrantIdleTimeout="30" globalPersistentGrantIdleTimeoutTimeUnit="d" tokenEndpointBaseUrl="" userAuthzUrl="" registeredAuthzPath="" pendingAuthzTimeout="600" bypassActivationCodeConfirmation="false" devicePollingInterval="5" authzConsentSetting="" externalConsentAdapterId="" returnedScopeAttributeName="" xmlns:urn="urn:pingidentity.com:pf:oauth:conf">
    <urn:UserKeyToAccessTokenMapping contextId="urn:ietf:params:oauth:grant-type:token-exchange|AccessTokenProcessorPolicy" tokenManagerId="jwt">
        <urn1:AttributeMap Name="Username" Type="Processor Policy" Value="tepp.subject" xmlns:urn1="urn:sourceid.org:saml2:metadata-extension:v2"/>
        <urn1:AttributeMap Name="OrgName" Type="Text" Value="Ping Identity Corporation" xmlns:urn1="urn:sourceid.org:saml2:metadata-extension:v2"/>
        <urn1:TokenAuthorizationIssuanceCriteria xmlns:urn1="urn:sourceid.org:saml2:metadata-extension:v2"/>
    </urn:UserKeyToAccessTokenMapping>
    <urn:UserKeyToAccessTokenMapping contextId="authz_req|apc.SGQr7tCQq6e6dwsg" tokenManagerId="jwt">
        <urn1:AttributeMap Name="Username" Type="Authentication Policy Contract" Value="apc.subject" xmlns:urn1="urn:sourceid.org:saml2:metadata-extension:v2"/>
        <urn1:AttributeMap Name="OrgName" Type="Authentication Policy Contract" Value="apc.subject" xmlns:urn1="urn:sourceid.org:saml2:metadata-extension:v2"/>
        <urn1:TokenAuthorizationIssuanceCriteria xmlns:urn1="urn:sourceid.org:saml2:metadata-extension:v2"/>
    </urn:UserKeyToAccessTokenMapping>
    <urn:UserKeyToAccessTokenMapping contextId="default" tokenManagerId="jwt">
        <urn1:AttributeMap Name="Username" Type="Persistent Grant" Value="USER_KEY" xmlns:urn1="urn:sourceid.org:saml2:metadata-extension:v2"/>
        <urn1:AttributeMap Name="OrgName" Type="Text" Value="Ping Identity Corporation" xmlns:urn1="urn:sourceid.org:saml2:metadata-extension:v2"/>
        <urn1:TokenAuthorizationIssuanceCriteria xmlns:urn1="urn:sourceid.org:saml2:metadata-extension:v2"/>
    </urn:UserKeyToAccessTokenMapping>
    <urn:UserKeyToAccessTokenMapping contextId="default" tokenManagerId="ref">
        <urn1:AttributeMap Name="Username" Type="Persistent Grant" Value="USER_KEY" xmlns:urn1="urn:sourceid.org:saml2:metadata-extension:v2"/>
        <urn1:AttributeMap Name="OrgName" Type="Text" Value="Ping Identity Corporation" xmlns:urn1="urn:sourceid.org:saml2:metadata-extension:v2"/>
        <urn1:TokenAuthorizationIssuanceCriteria xmlns:urn1="urn:sourceid.org:saml2:metadata-extension:v2"/>
    </urn:UserKeyToAccessTokenMapping>
    <urn:AdapterToUserKeyMapping sourcePluginId="HTMLFormSimplePCV">
        <urn1:AttributeMap Name="USER_NAME" Type="Adapter" Value="username" xmlns:urn1="urn:sourceid.org:saml2:metadata-extension:v2"/>
        <urn1:AttributeMap Name="USER_KEY" Type="Adapter" Value="username" xmlns:urn1="urn:sourceid.org:saml2:metadata-extension:v2"/>
        <urn1:TokenAuthorizationIssuanceCriteria xmlns:urn1="urn:sourceid.org:saml2:metadata-extension:v2"/>
    </urn:AdapterToUserKeyMapping>
    <urn:PasswordCredentialValidatorToUserKeyMapping sourcePluginId="UserPass">
        <urn1:AttributeMap Name="USER_KEY" Type="Password Credential Validator" Value="username" xmlns:urn1="urn:sourceid.org:saml2:metadata-extension:v2"/>
        <urn1:TokenAuthorizationIssuanceCriteria xmlns:urn1="urn:sourceid.org:saml2:metadata-extension:v2"/>
    </urn:PasswordCredentialValidatorToUserKeyMapping>
    <urn:ApcToUserKeyMapping sourcePluginId="SGQr7tCQq6e6dwsg">
        <urn1:AttributeMap Name="USER_NAME" Type="Authentication Policy Contract" Value="subject" xmlns:urn1="urn:sourceid.org:saml2:metadata-extension:v2"/>
        <urn1:AttributeMap Name="USER_KEY" Type="Authentication Policy Contract" Value="subject" xmlns:urn1="urn:sourceid.org:saml2:metadata-extension:v2"/>
        <urn1:TokenAuthorizationIssuanceCriteria xmlns:urn1="urn:sourceid.org:saml2:metadata-extension:v2"/>
    </urn:ApcToUserKeyMapping>
    <urn:ReuseExistingPersistentGrantForGrant>implicit</urn:ReuseExistingPersistentGrantForGrant>
    <urn:allowedOrigins>https://application.ping-eng.com</urn:allowedOrigins>
    <urn:allowedOrigins>https://application.ping-eng.com/</urn:allowedOrigins>
    <urn:allowedOrigins>https://pingfederate-engine-p1-plus-hines.ping-devops.com</urn:allowedOrigins>
</urn:OAuthConfig>