<?xml version="1.0" encoding="UTF-8"?>
<urn:AuthnSelectionConfig lastModifiedMillis="1608169433122" enableAuthnSelection="true" enableSpAuthnSelection="false" failIfNoSelection="false" xmlns:urn="urn:pingidentity.com:pf:authn-selection">
    <urn:AuthnSelectionTrees>
        <urn:AuthnSelectionTree treeName="Clarivate Policy" disabled="false" authnApiApp="">
            <urn:AstRoot context="">
                <urn:AstAction xsi:type="urn:AuthnSourceActionType" xmlns:xsi="http://www.w3.org/2001/XMLSchema-instance">
                    <urn:AuthnSourceKey type="ADAPTER">IdentifierFirst</urn:AuthnSourceKey>
                    <urn:fallbackToSuccess>true</urn:fallbackToSuccess>
                    <urn:attributeRule>
                        <urn:IncomingAttr>domain</urn:IncomingAttr>
                        <urn:Operand>EQUALS</urn:Operand>
                        <urn:ExpectedValue>pingidentity.com</urn:ExpectedValue>
                        <urn:Result>true</urn:Result>
                    </urn:attributeRule>
                    <urn:InputIdMapping Type="Context" Value="context.RequestedUser"/>
                </urn:AstAction>
                <urn:AstChild context="Fail">
                    <urn:AstAction noOpType="DONE" xsi:type="urn:NoOpActionType" xmlns:xsi="http://www.w3.org/2001/XMLSchema-instance"/>
                </urn:AstChild>
                <urn:AstChild context="true">
                    <urn:AstAction authnSelectorId="CIDR" xsi:type="urn:AuthnSelectorActionType" xmlns:xsi="http://www.w3.org/2001/XMLSchema-instance"/>
                    <urn:AstChild context="No">
                        <urn:AstAction noOpType="DONE" xsi:type="urn:NoOpActionType" xmlns:xsi="http://www.w3.org/2001/XMLSchema-instance"/>
                    </urn:AstChild>
                    <urn:AstChild context="Yes">
                        <urn:AstAction apcId="SGQr7tCQq6e6dwsg" xsi:type="urn:ApcMappingActionType" xmlns:xsi="http://www.w3.org/2001/XMLSchema-instance">
                            <urn:AttributeMapping>
                                <urn1:AttributeMap Name="subject" Type="Adapter" AttributeSourceId="IdentifierFirst" Value="domain" xmlns:urn1="urn:sourceid.org:saml2:metadata-extension:v2"/>
                                <urn1:TokenAuthorizationIssuanceCriteria xmlns:urn1="urn:sourceid.org:saml2:metadata-extension:v2"/>
                            </urn:AttributeMapping>
                        </urn:AstAction>
                    </urn:AstChild>
                </urn:AstChild>
                <urn:AstChild context="Success">
                    <urn:AstAction xsi:type="urn:AuthnSourceActionType" xmlns:xsi="http://www.w3.org/2001/XMLSchema-instance">
                        <urn:AuthnSourceKey type="ADAPTER">HTMLFormAdapter</urn:AuthnSourceKey>
                        <urn:fallbackToSuccess>true</urn:fallbackToSuccess>
                        <urn:InputIdMapping Type="Adapter" AttributeSourceId="IdentifierFirst" Value="subject"/>
                    </urn:AstAction>
                    <urn:AstChild context="Fail">
                        <urn:AstAction noOpType="DONE" xsi:type="urn:NoOpActionType" xmlns:xsi="http://www.w3.org/2001/XMLSchema-instance"/>
                    </urn:AstChild>
                    <urn:AstChild context="Success">
                        <urn:AstAction authnSelectorId="CIDR" xsi:type="urn:AuthnSelectorActionType" xmlns:xsi="http://www.w3.org/2001/XMLSchema-instance"/>
                        <urn:AstChild context="No">
                            <urn:AstAction noOpType="DONE" xsi:type="urn:NoOpActionType" xmlns:xsi="http://www.w3.org/2001/XMLSchema-instance"/>
                        </urn:AstChild>
                        <urn:AstChild context="Yes">
                            <urn:AstAction xsi:type="urn:AuthnSourceActionType" xmlns:xsi="http://www.w3.org/2001/XMLSchema-instance">
                                <urn:AuthnSourceKey type="ADAPTER">PingOneMFA</urn:AuthnSourceKey>
                                <urn:fallbackToSuccess>true</urn:fallbackToSuccess>
                                <urn:InputIdMapping Type="Adapter" AttributeSourceId="HTMLFormAdapter" Value="username"/>
                            </urn:AstAction>
                            <urn:AstChild context="Fail">
                                <urn:AstAction noOpType="DONE" xsi:type="urn:NoOpActionType" xmlns:xsi="http://www.w3.org/2001/XMLSchema-instance"/>
                            </urn:AstChild>
                            <urn:AstChild context="Success">
                                <urn:AstAction apcId="SGQr7tCQq6e6dwsg" xsi:type="urn:ApcMappingActionType" xmlns:xsi="http://www.w3.org/2001/XMLSchema-instance">
                                    <urn:AttributeMapping>
                                        <urn1:AttributeMap Name="subject" Type="Adapter" AttributeSourceId="HTMLFormAdapter" Value="username" xmlns:urn1="urn:sourceid.org:saml2:metadata-extension:v2"/>
                                        <urn1:TokenAuthorizationIssuanceCriteria xmlns:urn1="urn:sourceid.org:saml2:metadata-extension:v2"/>
                                    </urn:AttributeMapping>
                                </urn:AstAction>
                            </urn:AstChild>
                        </urn:AstChild>
                    </urn:AstChild>
                </urn:AstChild>
            </urn:AstRoot>
        </urn:AuthnSelectionTree>
    </urn:AuthnSelectionTrees>
    <urn:DefaultAuthnSources/>
</urn:AuthnSelectionConfig>