<?xml version="1.0" encoding="UTF-8"?>
<urn:AdapterConfiguration isInheritExtendedContractAttributes="false" name="com.pingidentity.plugins.datastore.p14c.PingOneForCustomersDataStore" xmlns:urn="urn:sourceid.org:saml2:adapter:conf">
    <urn:Fields>
        <urn:Field name="Environment ID">1953af0c-03e9-48b3-839b-39a72a0ddf66</urn:Field>
        <urn:Field name="Client ID">c758c574-4388-476f-8dc4-6d8b4fb96cee</urn:Field>
        <urn:Field name="Client Secret">eyJhbGciOiJkaXIiLCJlbmMiOiJBMTI4Q0JDLUhTMjU2Iiwia2lkIjoiRGRFUXoxS2RieCIsInZlcnNpb24iOiIxMC4yLjAuMTMifQ..fXFbEN4wzJDMz-93uMSEtg.-oP3kVqTYcfP9_JT1dNVKVJG4RHP9vGC3O4xuUHk7GQzMgItanPekhUWjeAxA8tMfo5hAEdE1PEJTVjoy3jbgdfHvac7xXeX1yTeShkTMe0.TrICqVALKQY1qY3CjPP9lg</urn:Field>
        <urn:Field name="PingOne API Service">https://api.pingone.com/v1</urn:Field>
        <urn:Field name="PingOne Authorization Service">https://auth.pingone.com</urn:Field>
        <urn:Field name="Read Timeout">300</urn:Field>
        <urn:Field name="Connection Timeout">10000</urn:Field>
        <urn:Field name="Retry Request">true</urn:Field>
        <urn:Field name="Maximum Retries Limit">5</urn:Field>
        <urn:Field name="Retry Error Codes">429</urn:Field>
        <urn:Field name="Proxy Settings">System Defaults</urn:Field>
        <urn:Field name="Custom Proxy Host"/>
        <urn:Field name="Custom Proxy Port"/>
    </urn:Fields>
    <urn:AdvancedFields>
        <urn:Field name="PingOne API Service">https://api.pingone.com/v1</urn:Field>
        <urn:Field name="PingOne Authorization Service">https://auth.pingone.com</urn:Field>
        <urn:Field name="Read Timeout">300</urn:Field>
        <urn:Field name="Connection Timeout">10000</urn:Field>
        <urn:Field name="Retry Request">true</urn:Field>
        <urn:Field name="Maximum Retries Limit">5</urn:Field>
        <urn:Field name="Retry Error Codes">429</urn:Field>
        <urn:Field name="Proxy Settings">System Defaults</urn:Field>
        <urn:Field name="Custom Proxy Host"/>
        <urn:Field name="Custom Proxy Port"/>
    </urn:AdvancedFields>
    <urn:Tables>
        <urn:Table name="Custom Attributes Details"/>
    </urn:Tables>
</urn:AdapterConfiguration>